Race,Baseline,KNN,Random Forest,AdaBoost,Logistic Regression,SVC RBF,SVC Poly,MLP,Neural Network
Mexican American,0.0,0.3111111111111111,0.2641509433962264,0.3181818181818182,0.38095238095238093,0.36363636363636365,0.32142857142857145,0.3,0.3
Hispanic,0.0,0.28346456692913385,0.2191780821917808,0.22988505747126436,0.31654676258992803,0.23529411764705882,0.26148409893992935,0.25806451612903225,0.25806451612903225
White,0.0,0.2913907284768212,0.2537313432835821,0.32061068702290074,0.36511156186612576,0.3283582089552239,0.25862068965517243,0.31042128603104213,0.31042128603104213
Black,0.0,0.30971128608923887,0.3372093023255814,0.3374083129584352,0.4,0.3557312252964427,0.33214285714285713,0.33226837060702874,0.33226837060702874
Asian,0.0,0.25,0.13793103448275862,0.3053435114503817,0.30303030303030304,0.2702702702702703,0.2966507177033493,0.3076923076923077,0.3076923076923077
